{
    "coords": {
        "level": {
            "dims": [
                "level"
            ],
            "attrs": {},
            "data": [
                1,
                2,
                3,
                5,
                7,
                10,
                20,
                30,
                50,
                70,
                100,
                125,
                150,
                175,
                200,
                225,
                250,
                300,
                350,
                400,
                450,
                500,
                550,
                600,
                650,
                700,
                750,
                775,
                800,
                825,
                850,
                875,
                900,
                925,
                950,
                975,
                1000
            ]
        }
    },
    "attrs": {
        "date_start": "1979-01-02",
        "date_end": "2015",
        "timestep_hours": 6,
        "window_stride": 1
    },
    "dims": {
        "level": 37
    },
    "data_vars": {
        "geopotential": {
            "dims": [
                "level"
            ],
            "attrs": {},
            "data": [
                1153.3236615667074,
                795.034664163933,
                622.2635763211008,
                478.373765021565,
                412.1088415325711,
                354.5595833736702,
                275.78971681197083,
                242.008008778255,
                208.6322187978729,
                193.91983480697874,
                191.01766200299144,
                199.44811918240407,
                213.40448931176704,
                233.16085997614195,
                258.7060994441645,
                285.0746020385599,
                306.04455387420177,
                322.2987078377359,
                311.2782390217717,
                288.08836922513115,
                262.7422047313381,
                239.71967148713998,
                220.75604230741158,
                206.1707200120217,
                195.78388562164778,
                189.29747149956302,
                186.2235844639424,
                185.83245720044118,
                186.1962264276176,
                187.278693666876,
                189.10903841711763,
                191.6343772396133,
                194.72962905103913,
                198.26483322933004,
                202.14035543665807,
                206.24134707573242,
                210.3374969299931
            ]
        },
        "specific_humidity": {
            "dims": [
                "level"
            ],
            "attrs": {},
            "data": [
                6.640175966281834e-08,
                3.909006251718587e-08,
                3.746183855796142e-08,
                3.919451822231693e-08,
                4.2966211315339e-08,
                4.4283665996826096e-08,
                4.657199605110932e-08,
                4.551214689788184e-08,
                4.658684637305686e-08,
                6.327991852757859e-08,
                1.6348547152715437e-07,
                4.811058349756144e-07,
                1.468294037839677e-06,
                4.086185389502715e-06,
                9.728637696402969e-06,
                1.9833229365576873e-05,
                3.401754512971197e-05,
                7.333047947780854e-05,
                0.0001332051964476865,
                0.00021465164726080453,
                0.0003153737888009881,
                0.0004252841762649919,
                0.0005466285846394803,
                0.0006451832142818177,
                0.0007632778913723108,
                0.00088359784474792,
                0.001014776541884741,
                0.0010677954238679668,
                0.001111234976759102,
                0.0011407654863650864,
                0.0011410079751381372,
                0.0010991055821180482,
                0.0010283050589989723,
                0.0009334517609154307,
                0.0008229854515383136,
                0.0007657228740416388,
                0.0007414803632021611
            ]
        },
        "temperature": {
            "dims": [
                "level"
            ],
            "attrs": {},
            "data": [
                3.680318851123672,
                3.8318878636112537,
                3.439696466621194,
                2.6775682108289356,
                2.3325500928338134,
                1.9628536615340624,
                1.544838747767884,
                1.3789373106295892,
                1.2641932026228335,
                1.2511386380433243,
                1.0794865862462029,
                1.026442103783078,
                1.1286996633737063,
                1.3486876467289826,
                1.5433826760468057,
                1.600130619234847,
                1.5106945778627725,
                1.239533708236731,
                1.2344538947320591,
                1.3358459591532381,
                1.3962095373924943,
                1.4025345615324933,
                1.3897261313626144,
                1.3727767252702563,
                1.3699250308872553,
                1.3738020283273578,
                1.4090072632670816,
                1.4383353706567221,
                1.4811674144272151,
                1.5473749898531692,
                1.6135235252296107,
                1.6688769608436818,
                1.7103621433004004,
                1.7519710596016853,
                1.8131106133282429,
                1.864745761493253,
                1.8598407151530196
            ]
        },
        "u_component_of_wind": {
            "dims": [
                "level"
            ],
            "attrs": {},
            "data": [
                8.712805693229797,
                7.032393744920325,
                6.002627010378335,
                4.915242124904145,
                4.479708439819066,
                3.8863529878507115,
                3.1666837711565052,
                2.8976018516965945,
                2.689749850403594,
                2.6225576045109404,
                2.729538119017451,
                2.9333758472760474,
                3.203373046243629,
                3.6125061968160552,
                4.187357872051589,
                4.818180856614245,
                5.31504874860131,
                5.742670144020393,
                5.539882908851254,
                5.037096291508256,
                4.494289689428559,
                4.01707120000842,
                3.6504411103869145,
                3.3727291331654956,
                3.1797119020393625,
                3.051410220642815,
                2.99553106072978,
                2.9906446228081496,
                3.0025600666665637,
                3.030525096377766,
                3.067396956012487,
                3.112904447446578,
                3.1645209534084033,
                3.188282362973559,
                3.103898367018071,
                2.8306912036515204,
                2.4377055965863574
            ]
        },
        "v_component_of_wind": {
            "dims": [
                "level"
            ],
            "attrs": {},