{
    "coords": {
        "level": {
            "dims": [
                "level"
            ],
            "attrs": {},
            "data": [
                1,
                2,
                3,
                5,
                7,
                10,
                20,
                30,
                50,
                70,
                100,
                125,
                150,
                175,
                200,
                225,
                250,
                300,
                350,
                400,
                450,
                500,
                550,
                600,
                650,
                700,
                750,
                775,
                800,
                825,
                850,
                875,
                900,
                925,
                950,
                975,
                1000
            ]
        }
    },
    "attrs": {
        "date_start": "1979-01-02",
        "date_end": "2015",
        "timestep_hours": 6,
        "window_stride": 1
    },
    "dims": {
        "level": 37
    },
    "data_vars": {
        "geopotential": {
            "dims": [
                "level"
            ],
            "attrs": {},
            "data": [
                17112.606642371204,
                14927.383052899238,
                13569.137888056317,
                12021.936671181445,
                11014.847827394611,
                9987.536359651194,
                8028.360716699242,
                6968.466916837494,
                5891.323074395919,
                5493.193936494461,
                5516.180068127431,
                5709.441486145994,
                5831.1099295406375,
                5873.22321319918,
                5833.658588186441,
                5717.928894409594,
                5546.009475860004,
                5104.0355432686865,
                4619.871467831329,
                4158.276237951773,
                3739.084388677641,
                3357.5037623703215,
                3013.5978477577146,
                2698.288651604121,
                2405.9854640637536,
                2136.090565397523,
                1890.4576872450148,
                1775.9228074078367,
                1667.2767065598096,
                1564.4008184932661,
                1468.2921274640337,
                1379.5975591962606,
                1298.6494821698027,
                1226.6568351847818,
                1163.919502837812,
                1111.5790141902128,
                1070.6871348533682
            ]
        },
        "specific_humidity": {
            "dims": [
                "level"
            ],
            "attrs": {},
            "data": [
                1.4884940898294625e-07,
                2.1982487237760237e-07,
                2.708466995774636e-07,
                3.2041869036098746e-07,
                3.4175658419972106e-07,
                3.4726404357349843e-07,
                3.0677010931776993e-07,
                3.0864184800485564e-07,
                3.603612255954032e-07,
                4.061716586143391e-07,
                5.68540894911217e-07,
                1.1833470976675956e-06,
                3.761409657170274e-06,
                1.0044122391083973e-05,
                2.2482128519836652e-05,
                4.34226182936993e-05,
                7.389704879977555e-05,
                0.00016727781432090424,
                0.00031071731485568093,
                0.0005042878342727835,
                0.0007538476507841843,
                0.0010727691169100044,
                0.0014474621834160808,
                0.0017626674134673527,
                0.002104651525190109,
                0.002541037639035409,
                0.0030431828192282614,
                0.0033042261888893147,
                0.0035668913237675765,
                0.0038318789675385436,
                0.0041065214504702845,
                0.004395623208311555,
                0.004706688533403947,
                0.005069831709104547,
                0.005502426689700594,
                0.005797175523138732,
                0.005913643139614111
            ]
        },
        "temperature": {
            "dims": [
                "level"
            ],
            "attrs": {},
            "data": [
                12.694518236220443,
                15.232124812693131,
                14.893106549723116,
                13.744933295760056,
                13.259734148222678,
                12.736646404214579,
                11.475200142540812,
                10.650490364149563,
                10.32188678115599,
                11.575040681380434,
                12.555584297313873,
                10.883391821976442,
                8.95102108605434,
                7.645066691718888,
                7.215256210446501,
                7.607862396061363,
                8.536004836972927,
                10.725001586837827,
                12.091980542365603,
                12.724797115535194,
                12.994872113909757,
                13.116685543572038,
                13.199557689053842,
                13.47399011118827,
                14.207634221102976,
                14.884047343980265,
                15.206750968420238,
                15.341975401237484,
                15.472462756066035,
                15.575436984960715,
                15.688536836489513,
                15.802840314282813,
                15.971918502192493,
                16.188619834256205,
                16.46959019048637,
                16.855691408906022,
                17.249412015525827
            ]
        },
        "u_component_of_wind": {
            "dims": [
                "level"
            ],
            "attrs": {},
            "data": [
                38.26052570667428,
                34.270842763336,
                31.556841010179124,
                28.8371658227183,
                27.236206776930036,
                25.51038958019535,
                21.849073702916307,
                19.073217298659614,
                15.225951208534651,
                13.282016354190807,
                13.474027890736593,
                14.750113167590195,
                16.003829090626503,
                16.968605622896536,
                17.636894579718373,
                17.955508203885937,
                17.922898511655788,
                17.070389975003465,
                15.701449946687415,
                14.295561510119098,
                13.033535604034563,
                11.942143637838862,
                11.034022881543997,
                10.294104291346015,
                9.672860922415467,
                9.132481633312917,
                8.692430656553018,
                8.512381917809037,
                8.36059115389644,
                8.241769861117577,
                8.155295236725324,
                8.092590831220376,
                8.030901300986454,
                7.906749246228666,
                7.605810416900687,
                6.9879960260758995,
                6.112984842398069
            ]
        },
        "v_component_of_wind": {
            "dims": [
                "level"
            ],
            "attrs": {},