{
    "coords": {
        "level": {
            "dims": [
                "level"
            ],
            "attrs": {},
            "data": [
                1,
                2,
                3,
                5,
                7,
                10,
                20,
                30,
                50,
                70,
                100,
                125,
                150,
                175,
                200,
                225,
                250,
                300,
                350,
                400,
                450,
                500,
                550,
                600,
                650,
                700,
                750,
                775,
                800,
                825,
                850,
                875,
                900,
                925,
                950,
                975,
                1000
            ]
        }
    },
    "attrs": {
        "date_start": "1979-01-02",
        "date_end": "2015",
        "timestep_hours": 6,
        "window_stride": 1
    },
    "dims": {
        "level": 37
    },
    "data_vars": {
        "geopotential": {
            "dims": [
                "level"
            ],
            "attrs": {},
            "data": [
                464158.64456721913,
                412344.9988950276,
                382754.07047268265,
                346888.1404542664,
                324173.7900552486,
                300691.9739717618,
                256205.5386126458,
                230782.08275015347,
                199314.46531614487,
                178930.67354205032,
                157578.78060159608,
                144167.7750767342,
                133076.5632903622,
                123581.44628606507,
                115266.74229588704,
                107859.16464088397,
                101163.90030693678,
                89360.0687538367,
                79090.53996316758,
                69937.41632903622,
                61655.36451810927,
                54081.917249846534,
                47100.39729895641,
                40622.95690607735,
                34579.49465930019,
                28911.316390423573,
                23570.866052793124,
                21012.628115408224,
                18523.833517495397,
                16101.10349907919,
                13741.475751995089,
                11441.921178637202,
                9199.416574585635,
                7010.71430325353,
                4872.758256599141,
                2782.7472068753837,
                737.6906077348066
            ]
        },
        "specific_humidity": {
            "dims": [
                "level"
            ],
            "attrs": {},
            "data": [
                3.877200730524596e-06,
                3.711241448928126e-06,
                3.5958521255618446e-06,
                3.4336574682068282e-06,
                3.323139379257216e-06,
                3.2100865378417874e-06,
                2.99326137869983e-06,
                2.8548591831405154e-06,
                2.6766878556736853e-06,
                2.587460406796928e-06,
                2.6269185261319502e-06,
                3.2536406470193973e-06,
                5.218535753171674e-06,
                9.94390984705579e-06,
                1.922827728545468e-05,
                3.4665040548335124e-05,
                5.7214977845156245e-05,
                0.0001262438524127958,
                0.00023270570990349926,
                0.00038189147424668606,
                0.000581101042277393,
                0.0008452774338227536,
                0.001175620498797731,
                0.0015292930485940259,
                0.0019281458752224093,
                0.0024123642033342207,
                0.0029917979840488797,
                0.0033213395879194,
                0.0036804206243975165,
                0.004084971728245857,
                0.0045401004723349256,
                0.005019580520245837,
                0.005500134490910595,
                0.005990029200957259,
                0.006479751090464818,
                0.006812593613467091,
                0.006980203777240638
            ]
        },
        "temperature": {
            "dims": [
                "level"
            ],
            "attrs": {},
            "data": [
                261.2464702271332,
                257.53311847759363,
                250.4352977286679,
                238.69211172498464,
                231.9219459791283,
                227.11554634745244,
                220.25475751995089,
                216.60999079189688,
                212.50360650705954,
                209.52572130141192,
                208.42917434008595,
                210.60148864333948,
                213.31437998772253,
                215.82381829343154,
                218.0219766728054,
                220.21935236341315,
                222.68821362799264,
                228.7509361571516,
                235.53321055862492,
                241.99353898096993,
                247.75807243707797,
                252.79929404542665,
                257.1949508901166,
                260.97596685082874,
                264.253591160221,
                267.2038674033149,
                269.9390730509515,
                271.1902394106814,
                272.35432780847145,
                273.4095150399018,
                274.36709637814613,
                275.2785758133824,
                276.1978207489257,
                277.1601289134438,
                278.19060773480663,
                279.391006752609,
                280.80564763658685
            ]
        },
        "u_component_of_wind": {
            "dims": [
                "level"
            ],
            "attrs": {},
            "data": [
                10.965264349294046,
                8.705731085021485,
                7.513738777624309,
                6.173290745856353,
                5.480376668968693,
                4.70942775475752,
                3.560477814226519,
                3.840542510742787,
                5.59145996393493,
                7.31334311694291,
                10.224550145794966,
                12.264089356967464,
                13.47607236034377,
                14.052869858809085,
                14.14782362645795,
                13.858489679251074,
                13.294243017188458,
                11.75768780693677,
                10.175375038367097,
                8.783528046347453,
                7.578708179864948,
                6.534649324739104,
                5.616337668815224,
                4.79007299340086,
                4.035468941835482,
                3.3248875364487414,
                2.6552785930785756,
                2.331686185926949,
                2.0158978859729895,
                1.7065739621700429,
                1.4066210817602824,
                1.1233328297651934,
                0.8577126256522406,
                0.6098378031000614,
                0.38745932488298035,
                0.1904675000719383,
                -0.036453252690492634
            ]
        },
        "v_component_of_wind": {
            "dims": [
                "level"
            ],
            "attrs": {},